1,Vykoupení z věznice Shawshank,https://www.csfd.cz/film/2294-vykoupeni-z-veznice-shawshank/,1994
2,Forrest Gump,https://www.csfd.cz/film/10135-forrest-gump/,1994
3,Zelená míle,https://www.csfd.cz/film/2292-zelena-mile/,1999
4,Sedm,https://www.csfd.cz/film/2671-sedm/,1995
5,Přelet nad kukaččím hnízdem,https://www.csfd.cz/film/2982-prelet-nad-kukaccim-hnizdem/,1975
6,Schindlerův seznam,https://www.csfd.cz/film/8653-schindleruv-seznam/,1993
7,Kmotr,https://www.csfd.cz/film/1644-kmotr/,1972
8,Dvanáct rozhněvaných mužů,https://www.csfd.cz/film/6178-dvanact-rozhnevanych-muzu/,1957
9,Nedotknutelní,https://www.csfd.cz/film/306731-nedotknutelni/,2011
10,Pelíšky,https://www.csfd.cz/film/4570-pelisky/,1999
11,Top Gun: Maverick,https://www.csfd.cz/film/286035-top-gun-maverick/,2022
12,Terminátor 2: Den zúčtování,https://www.csfd.cz/film/1248-terminator-2-den-zuctovani/,1991
13,Pulp Fiction: Historky z podsvětí,https://www.csfd.cz/film/8852-pulp-fiction-historky-z-podsveti/,1994
14,Kmotr II,https://www.csfd.cz/film/1645-kmotr-ii/,1974
15,Pán prstenů: Společenstvo Prstenu,https://www.csfd.cz/film/4711-pan-prstenu-spolecenstvo-prstenu/,2001
16,Pán prstenů: Návrat krále,https://www.csfd.cz/film/4712-pan-prstenu-navrat-krale/,2003
17,Mlčení jehňátek,https://www.csfd.cz/film/2356-mlceni-jehnatek/,1991
18,Tenkrát na Západě,https://www.csfd.cz/film/5911-tenkrat-na-zapade/,1968
19,Temný rytíř,https://www.csfd.cz/film/223734-temny-rytir/,2008
20,Gran Torino,https://www.csfd.cz/film/240479-gran-torino/,2008
21,Matrix,https://www.csfd.cz/film/9499-matrix/,1999
22,"Hodný, zlý a ošklivý",https://www.csfd.cz/film/5910-hodny-zly-a-osklivy/,1966
23,Dobyvatelé ztracené archy,https://www.csfd.cz/film/8650-dobyvatele-ztracene-archy/,1981
24,Rain Man,https://www.csfd.cz/film/5954-rain-man/,1988
25,Sedm statečných,https://www.csfd.cz/film/18780-sedm-statecnych/,1960
26,Vyšší princip,https://www.csfd.cz/film/5342-vyssi-princip/,1960
27,Indiana Jones a Poslední křížová výprava,https://www.csfd.cz/film/8641-indiana-jones-a-posledni-krizova-vyprava/,1989
28,Vetřelec,https://www.csfd.cz/film/8265-vetrelec/,1979
29,Rivalové,https://www.csfd.cz/film/301401-rivalove/,2013
30,Le Mans '66,https://www.csfd.cz/film/332773-le-mans-66/,2019
31,Smrtonosná past,https://www.csfd.cz/film/6642-smrtonosna-past/,1988
32,Vetřelci,https://www.csfd.cz/film/1245-vetrelci/,1986
33,Podraz,https://www.csfd.cz/film/15046-podraz/,1973
34,Zachraňte vojína Ryana,https://www.csfd.cz/film/8652-zachrante-vojina-ryana/,1998
35,Leon,https://www.csfd.cz/film/773-leon/,1994
36,S čerty nejsou žerty,https://www.csfd.cz/film/821-s-certy-nejsou-zerty/,1984
37,Amadeus,https://www.csfd.cz/film/2971-amadeus/,1984
38,Obecná škola,https://www.csfd.cz/film/8806-obecna-skola/,1991
39,"„Marečku, podejte mi pero!“",https://www.csfd.cz/film/5992-marecku-podejte-mi-pero/,1976
40,Star Wars: Epizoda V - Impérium vrací úder,https://www.csfd.cz/film/5238-star-wars-epizoda-v-imperium-vraci-uder/,1980
41,Cesta do hlubin študákovy duše,https://www.csfd.cz/film/3092-cesta-do-hlubin-studakovy-duse/,1939
42,Butch Cassidy a Sundance Kid,https://www.csfd.cz/film/15031-butch-cassidy-a-sundance-kid/,1969
43,L. A. - Přísně tajné,https://www.csfd.cz/film/4123-l-a-prisne-tajne/,1997
44,Město bohů,https://www.csfd.cz/film/88625-mesto-bohu/,2002
45,Návrat do budoucnosti,https://www.csfd.cz/film/10128-navrat-do-budoucnosti/,1985
46,Pán prstenů: Dvě věže,https://www.csfd.cz/film/4713-pan-prstenu-dve-veze/,2002
47,Počátek,https://www.csfd.cz/film/254156-pocatek/,2010
48,Čistá duše,https://www.csfd.cz/film/4543-cista-duse/,2001
49,Spalovač mrtvol,https://www.csfd.cz/film/4244-spalovac-mrtvol/,1968
50,Tanec s vlky,https://www.csfd.cz/film/1747-tanec-s-vlky/,1990
51,Gladiátor,https://www.csfd.cz/film/8271-gladiator/,2000
52,Pianista,https://www.csfd.cz/film/7355-pianista/,2002
53,Vesničko má středisková,https://www.csfd.cz/film/6672-vesnicko-ma-strediskova/,1985
54,Casino,https://www.csfd.cz/film/8242-casino/,1995
55,Šestý smysl,https://www.csfd.cz/film/8364-sesty-smysl/,1999
56,Kult hákového kříže,https://www.csfd.cz/film/5069-kult-hakoveho-krize/,1998
57,Nelítostný souboj,https://www.csfd.cz/film/6444-nelitostny-souboj/,1995
58,Prokletý ostrov,https://www.csfd.cz/film/235492-proklety-ostrov/,2010
59,Klub rváčů,https://www.csfd.cz/film/2667-klub-rvacu/,1999
60,Nespoutaný Django,https://www.csfd.cz/film/294824-nespoutany-django/,2012
61,Statečné srdce,https://www.csfd.cz/film/3297-statecne-srdce/,1995
62,Million Dollar Baby,https://www.csfd.cz/film/182363-million-dollar-baby/,2004
63,Dobrý Will Hunting,https://www.csfd.cz/film/9277-dobry-will-hunting/,1997
64,Život je krásný,https://www.csfd.cz/film/642-zivot-je-krasny/,1997
65,Dokonalý trik,https://www.csfd.cz/film/223160-dokonaly-trik/,2006
66,Smrtonosná zbraň,https://www.csfd.cz/film/2438-smrtonosna-zbran/,1987
67,Osvícení,https://www.csfd.cz/film/5407-osviceni/,1980
68,Četa,https://www.csfd.cz/film/8759-ceta/,1986
69,Psycho,https://www.csfd.cz/film/4385-psycho/,1960
70,12 úkolů pro Asterixe,https://www.csfd.cz/film/102874-12-ukolu-pro-asterixe/,1976
71,Star Wars: Epizoda IV - Nová naděje,https://www.csfd.cz/film/6169-star-wars-epizoda-iv-nova-nadeje/,1977
72,Bohemian Rhapsody,https://www.csfd.cz/film/300902-bohemian-rhapsody/,2018
73,Někdo to rád horké,https://www.csfd.cz/film/9793-nekdo-to-rad-horke/,1959
74,Prázdniny v Římě,https://www.csfd.cz/film/9926-prazdniny-v-rime/,1953
75,25 let neviny,https://www.csfd.cz/film/806817-25-let-neviny/,2020
76,Kladivo na čarodějnice,https://www.csfd.cz/film/9455-kladivo-na-carodejnice/,1969
77,Hon,https://www.csfd.cz/film/311967-hon/,2012
78,Motýlek,https://www.csfd.cz/film/20008-motylek/,1973
79,U pokladny stál...,https://www.csfd.cz/film/5546-u-pokladny-stal/,1939
80,Tenkrát v Americe,https://www.csfd.cz/film/5914-tenkrat-v-americe/,1984
81,Na samotě u lesa,https://www.csfd.cz/film/6663-na-samote-u-lesa/,1976
82,Requiem za sen,https://www.csfd.cz/film/14317-requiem-za-sen/,2000
83,Warrior,https://www.csfd.cz/film/234462-warrior/,2011
84,Obvyklí podezřelí,https://www.csfd.cz/film/8411-obvykli-podezreli/,1995
85,Mafiáni,https://www.csfd.cz/film/8246-mafiani/,1990
86,Klaus,https://www.csfd.cz/film/777537-klaus/,2019
87,Shrek,https://www.csfd.cz/film/14999-shrek/,2001
88,Cesta do pravěku,https://www.csfd.cz/film/10103-cesta-do-praveku/,1955
89,Americká krása,https://www.csfd.cz/film/6654-americka-krasa/,1999
90,Star Wars: Epizoda III - Pomsta Sithů,https://www.csfd.cz/film/6172-star-wars-epizoda-iii-pomsta-sithu/,2005
91,Podfu(c)k,https://www.csfd.cz/film/7700-podfu-c-k/,2000
92,Bourneovo ultimátum,https://www.csfd.cz/film/224141-bourneovo-ultimatum/,2007
93,Coco,https://www.csfd.cz/film/66830-coco/,2017
94,Star Wars: Epizoda VI - Návrat Jediho,https://www.csfd.cz/film/6474-star-wars-epizoda-vi-navrat-jediho/,1983
95,Byl jednou jeden král...,https://www.csfd.cz/film/10089-byl-jednou-jeden-kral/,1954
96,Terminátor,https://www.csfd.cz/film/1249-terminator/,1984
97,Poslední skaut,https://www.csfd.cz/film/8283-posledni-skaut/,1991
98,Frajer Luke,https://www.csfd.cz/film/7827-frajer-luke/,1967
99,Uprchlík,https://www.csfd.cz/film/2302-uprchlik/,1993
100,Čas probuzení,https://www.csfd.cz/film/6490-cas-probuzeni/,1990
101,Trainspotting,https://www.csfd.cz/film/901-trainspotting/,1996
102,Princezna Mononoke,https://www.csfd.cz/film/22205-princezna-mononoke/,1997
103,Světáci,https://www.csfd.cz/film/23443-svetaci/,1969
104,Medvěd,https://www.csfd.cz/film/168-medved/,1988
105,"Chyť mě, když to dokážeš",https://www.csfd.cz/film/8630-chyt-me-kdyz-to-dokazes/,2002
106,"Jára Cimrman ležící, spící",https://www.csfd.cz/film/8541-jara-cimrman-lezici-spici/,1983
107,Škola základ života,https://www.csfd.cz/film/3157-skola-zaklad-zivota/,1938
108,Sedm samurajů,https://www.csfd.cz/film/5435-sedm-samuraju/,1954
109,12 opic,https://www.csfd.cz/film/3311-12-opic/,1995
110,Osudový dotek,https://www.csfd.cz/film/45608-osudovy-dotek/,2004
111,Americký gangster,https://www.csfd.cz/film/224384-americky-gangster/,2007
112,Sbal prachy a vypadni,https://www.csfd.cz/film/7698-sbal-prachy-a-vypadni/,1998
113,Zjizvená tvář,https://www.csfd.cz/film/2335-zjizvena-tvar/,1983
114,Černý jestřáb sestřelen,https://www.csfd.cz/film/8266-cerny-jestrab-sestrelen/,2001
115,Truman Show,https://www.csfd.cz/film/9568-truman-show/,1998
116,Zelená kniha,https://www.csfd.cz/film/600912-zelena-kniha/,2018
117,Sněhurka a sedm trpaslíků,https://www.csfd.cz/film/83776-snehurka-a-sedm-trpasliku/,1937
118,Obchod na korze,https://www.csfd.cz/film/4999-obchod-na-korze/,1965
119,Hanebný pancharti,https://www.csfd.cz/film/117077-hanebny-pancharti/,2009
120,Batman začíná,https://www.csfd.cz/film/136224-batman-zacina/,2005
121,Predátor,https://www.csfd.cz/film/6648-predator/,1987
122,Rocky,https://www.csfd.cz/film/16103-rocky/,1976
123,Memento,https://www.csfd.cz/film/6995-memento/,2000
124,Smrtonosná zbraň 2,https://www.csfd.cz/film/2439-smrtonosna-zbran-2/,1989
125,Cesta do fantazie,https://www.csfd.cz/film/42136-cesta-do-fantazie/,2001
126,"Vrchní, prchni!",https://www.csfd.cz/film/8545-vrchni-prchni/,1980
127,Temný rytíř povstal,https://www.csfd.cz/film/252669-temny-rytir-povstal/,2012
128,Lví král,https://www.csfd.cz/film/6741-lvi-kral/,1994
129,Čarodějův učeň,https://www.csfd.cz/film/10102-carodejuv-ucen/,1977
130,Ponorka,https://www.csfd.cz/film/7222-ponorka/,1981
131,Sám doma,https://www.csfd.cz/film/1628-sam-doma/,1990
132,Hotel Rwanda,https://www.csfd.cz/film/182289-hotel-rwanda/,2004
133,Nejistá sezóna,https://www.csfd.cz/film/8543-nejista-sezona/,1987
134,Vynález zkázy,https://www.csfd.cz/film/10125-vynalez-zkazy/,1958
135,Pro pár dolarů navíc,https://www.csfd.cz/film/5915-pro-par-dolaru-navic/,1965
136,Černobílý svět,https://www.csfd.cz/film/277770-cernobily-svet/,2011
137,Jak vycvičit draka,https://www.csfd.cz/film/234768-jak-vycvicit-draka/,2010
138,Na hraně zítřka,https://www.csfd.cz/film/307556-na-hrane-zitrka/,2014
139,Smrt krásných srnců,https://www.csfd.cz/film/4978-smrt-krasnych-srncu/,1986
140,Život Briana,https://www.csfd.cz/film/23587-zivot-briana/,1979
141,Olověná vesta,https://www.csfd.cz/film/5401-olovena-vesta/,1987
142,Most přes řeku Kwai,https://www.csfd.cz/film/5696-most-pres-reku-kwai/,1957
143,Kolja,https://www.csfd.cz/film/8805-kolja/,1996
144,Císařův pekař - Pekařův císař,https://www.csfd.cz/film/3094-cisaruv-pekar-pekaruv-cisar/,1951
145,Limonádový Joe aneb Koňská opera,https://www.csfd.cz/film/5991-limonadovy-joe-aneb-konska-opera/,1964
146,Hra,https://www.csfd.cz/film/2668-hra/,1997
147,Pink Floyd: The Wall,https://www.csfd.cz/film/7123-pink-floyd-the-wall/,1982
148,Sloní muž,https://www.csfd.cz/film/6251-sloni-muz/,1980
149,Carlitova cesta,https://www.csfd.cz/film/2315-carlitova-cesta/,1993
150,Kid,https://www.csfd.cz/film/1482-kid/,1921
151,Hledá se Nemo,https://www.csfd.cz/film/43924-hleda-se-nemo/,2003
152,Tři oříšky pro Popelku,https://www.csfd.cz/film/9430-tri-orisky-pro-popelku/,1973
153,Dobrý voják Švejk,https://www.csfd.cz/film/8668-dobry-vojak-svejk/,1956
154,Gauneři,https://www.csfd.cz/film/8853-gauneri/,1992
155,Apokalypsa,https://www.csfd.cz/film/1634-apokalypsa/,1979
156,Všichni dobří rodáci,https://www.csfd.cz/film/4786-vsichni-dobri-rodaci/,1968
157,Zpívání v dešti,https://www.csfd.cz/film/2428-zpivani-v-desti/,1952
158,Jurský park,https://www.csfd.cz/film/8644-jursky-park/,1993
159,Skrytá identita,https://www.csfd.cz/film/221020-skryta-identita/,2006
160,Návrat do budoucnosti II,https://www.csfd.cz/film/10129-navrat-do-budoucnosti-ii/,1989
161,Ucho,https://www.csfd.cz/film/4983-ucho/,1970
162,Obchodník se smrtí,https://www.csfd.cz/film/189557-obchodnik-se-smrti/,2005
163,Králova řeč,https://www.csfd.cz/film/269587-kralova-rec/,2010
164,Slavnosti sněženek,https://www.csfd.cz/film/6670-slavnosti-snezenek/,1983
165,Zmizení,https://www.csfd.cz/film/257071-zmizeni/,2013
166,Svět podle Prota,https://www.csfd.cz/film/10995-svet-podle-prota/,2001
167,Přednosta stanice,https://www.csfd.cz/film/8815-prednosta-stanice/,1941
168,Společnost mrtvých básníků,https://www.csfd.cz/film/9558-spolecnost-mrtvych-basniku/,1989
169,Okno do dvora,https://www.csfd.cz/film/4386-okno-do-dvora/,1954
170,Život je krásný,https://www.csfd.cz/film/1279-zivot-je-krasny/,1946
171,Láska nebeská,https://www.csfd.cz/film/43677-laska-nebeska/,2003
172,Skála,https://www.csfd.cz/film/546-skala/,1996
173,Četník ze Saint Tropez,https://www.csfd.cz/film/32107-cetnik-ze-saint-tropez/,1964
174,Avengers: Infinity War,https://www.csfd.cz/film/393331-avengers-infinity-war/,2018
175,Česká soda,https://www.csfd.cz/film/4562-ceska-soda/,1998
176,Gentlemani,https://www.csfd.cz/film/675173-gentlemani/,2019
177,Ducháček to zařídí,https://www.csfd.cz/film/5475-duchacek-to-zaridi/,1938
178,Velký útěk,https://www.csfd.cz/film/18777-velky-utek/,1963
179,Diktátor,https://www.csfd.cz/film/1472-diktator/,1940
180,Ratatouille,https://www.csfd.cz/film/150988-ratatouille/,2007
181,Agent bez minulosti,https://www.csfd.cz/film/18113-agent-bez-minulosti/,2002
182,Bournův mýtus,https://www.csfd.cz/film/136076-bournuv-mytus/,2004
183,Poslušně hlásím,https://www.csfd.cz/film/8680-poslusne-hlasim/,1957
184,Nebe a dudy,https://www.csfd.cz/film/8505-nebe-a-dudy/,1941
185,Harry Potter a vězeň z Azkabanu,https://www.csfd.cz/film/1625-harry-potter-a-vezen-z-azkabanu/,2004
186,96 hodin,https://www.csfd.cz/film/231978-96-hodin/,2008
187,Toy Story: Příběh hraček,https://www.csfd.cz/film/18184-toy-story-pribeh-hracek/,1995
188,Stvoření světa,https://www.csfd.cz/film/4424-stvoreni-sveta/,1957
189,Hačikó - příběh psa,https://www.csfd.cz/film/243655-haciko-pribeh-psa/,2009
190,Ip Man,https://www.csfd.cz/film/246291-ip-man/,2008
191,Absolvent,https://www.csfd.cz/film/6977-absolvent/,1967
192,Těžká váha,https://www.csfd.cz/film/116574-tezka-vaha/,2005
193,Moderní doba,https://www.csfd.cz/film/1488-moderni-doba/,1936
194,"Jáchyme, hoď ho do stroje!",https://www.csfd.cz/film/5990-jachyme-hod-ho-do-stroje/,1974
195,Útěk do divočiny,https://www.csfd.cz/film/229841-utek-do-divociny/,2007
196,Věc,https://www.csfd.cz/film/1329-vec/,1982
197,Zvíře,https://www.csfd.cz/film/29067-zvire/,1977
198,Příběh z Bronxu,https://www.csfd.cz/film/11970-pribeh-z-bronxu/,1993
199,Nebeští jezdci,https://www.csfd.cz/film/7395-nebesti-jezdci/,1968
200,Vzpomínky na lásku,https://www.csfd.cz/film/197196-vzpominky-na-lasku/,2004
201,Ve jménu otce,https://www.csfd.cz/film/8344-ve-jmenu-otce/,1993
202,Sunset Boulevard,https://www.csfd.cz/film/9796-sunset-boulevard/,1950
203,Tichá bolest,https://www.csfd.cz/film/23827-ticha-bolest/,1990
204,Stezky slávy,https://www.csfd.cz/film/5405-stezky-slavy/,1957
205,Bio Ráj,https://www.csfd.cz/film/8995-bio-raj/,1988
206,Frigo na mašině,https://www.csfd.cz/film/5104-frigo-na-masine/,1926
207,Kimi no na wa.,https://www.csfd.cz/film/419102-kimi-no-na-wa/,2016
208,Nekonečný příběh,https://www.csfd.cz/film/7244-nekonecny-pribeh/,1984
209,Rambo: První krev,https://www.csfd.cz/film/16097-rambo-prvni-krev/,1982
210,Kmotr III,https://www.csfd.cz/film/1646-kmotr-iii/,1990
211,Poklad na Stříbrném jezeře,https://www.csfd.cz/film/33360-poklad-na-stribrnem-jezere/,1962
212,Neúplatní,https://www.csfd.cz/film/2339-neuplatni/,1987
213,Muž z Acapulca,https://www.csfd.cz/film/32430-muz-z-acapulca/,1973
214,Velký flám,https://www.csfd.cz/film/32115-velky-flam/,1966
215,My Fair Lady,https://www.csfd.cz/film/1837-my-fair-lady/,1964
216,Spider-Man: Paralelní světy,https://www.csfd.cz/film/54763-spider-man-paralelni-svety/,2018
217,Zámek v oblacích,https://www.csfd.cz/film/91936-zamek-v-oblacich/,2004
218,Zlo mezi námi,https://www.csfd.cz/film/142019-zlo-mezi-nami/,2003
219,Kramerová versus Kramer,https://www.csfd.cz/film/646-kramerova-versus-kramer/,1979
220,JFK,https://www.csfd.cz/film/8755-jfk/,1991
221,Bídníci,https://www.csfd.cz/film/36567-bidnici/,1958
222,Vlkochodci,https://www.csfd.cz/film/812957-vlkochodci/,2020
223,Sowon,https://www.csfd.cz/film/352865-sowon/,2013
224,Lepší už to nebude,https://www.csfd.cz/film/944-lepsi-uz-to-nebude/,1997
225,Joker,https://www.csfd.cz/film/628813-joker/,2019
226,Návrat do budoucnosti III,https://www.csfd.cz/film/10130-navrat-do-budoucnosti-iii/,1990
227,Philadelphia,https://www.csfd.cz/film/2355-philadelphia/,1993
228,Páni kluci,https://www.csfd.cz/film/7275-pani-kluci/,1975
229,Whiplash,https://www.csfd.cz/film/358992-whiplash/,2014
230,Ben Hur,https://www.csfd.cz/film/9876-ben-hur/,1959
231,Atentát,https://www.csfd.cz/film/8301-atentat/,1964
232,Jean od Floretty,https://www.csfd.cz/film/12058-jean-od-floretty/,1986
233,Ten den přijde,https://www.csfd.cz/film/433329-ten-den-prijde/,2016
234,Titanic,https://www.csfd.cz/film/1250-titanic/,1997
235,Příšerky s.r.o.,https://www.csfd.cz/film/11124-priserky-s-r-o/,2001
236,Adéla ještě nevečeřela,https://www.csfd.cz/film/5981-adela-jeste-nevecerela/,1977
237,Fimfárum Jana Wericha,https://www.csfd.cz/film/49569-fimfarum-jana-wericha/,2002
238,Happy end,https://www.csfd.cz/film/5999-happy-end/,1967
239,Dva muži ve městě,https://www.csfd.cz/film/12036-dva-muzi-ve-meste/,1973
240,Norimberský proces,https://www.csfd.cz/film/5307-norimbersky-proces/,1961
241,Svědek obžaloby,https://www.csfd.cz/film/9797-svedek-obzaloby/,1957
242,Dangal,https://www.csfd.cz/film/68305-dangal/,2016
243,VALL-I,https://www.csfd.cz/film/231646-vall-i/,2008
244,Musíme si pomáhat,https://www.csfd.cz/film/4567-musime-si-pomahat/,2000
245,Kulový blesk,https://www.csfd.cz/film/8542-kulovy-blesk/,1978
246,Poslední Mohykán,https://www.csfd.cz/film/6449-posledni-mohykan/,1992
247,Co žere Gilberta Grapea,https://www.csfd.cz/film/4099-co-zere-gilberta-grapea/,1993
248,Asterix v Británii,https://www.csfd.cz/film/102865-asterix-v-britanii/,1986
249,Mach a Šebestová k tabuli!,https://www.csfd.cz/film/108769-mach-a-sebestova-k-tabuli/,1985
250,Lady a Tramp,https://www.csfd.cz/film/33891-lady-a-tramp/,1955
251,O myších a lidech,https://www.csfd.cz/film/14559-o-mysich-a-lidech/,1992
252,Malý velký muž,https://www.csfd.cz/film/7197-maly-velky-muz/,1970
253,Na sever Severozápadní linkou,https://www.csfd.cz/film/4379-na-sever-severozapadni-linkou/,1959
254,Metropolis,https://www.csfd.cz/film/5612-metropolis/,1927
255,Pahorek,https://www.csfd.cz/film/6200-pahorek/,1965
256,Payback: Straight Up,https://www.csfd.cz/film/230120-payback-straight-up/,2006
257,Světla velkoměsta,https://www.csfd.cz/film/1461-svetla-velkomesta/,1931
258,X-Men: První třída,https://www.csfd.cz/film/251188-x-men-prvni-trida/,2011
259,Volný pád,https://www.csfd.cz/film/8221-volny-pad/,1993
260,Crash,https://www.csfd.cz/film/134171-crash/,2004
261,Vinnetou,https://www.csfd.cz/film/33362-vinnetou/,1963
262,Skleněné peklo,https://www.csfd.cz/film/23-sklenene-peklo/,1974
263,Skřivánci na niti,https://www.csfd.cz/film/6669-skrivanci-na-niti/,1969
264,Romeo a Julie,https://www.csfd.cz/film/34649-romeo-a-julie/,1968
265,Laputa: Nebeský zámek,https://www.csfd.cz/film/28495-laputa-nebesky-zamek/,1986
266,Velká země,https://www.csfd.cz/film/9878-velka-zeme/,1958
267,Manon od pramene,https://www.csfd.cz/film/32279-manon-od-pramene/,1986
268,Dnes naposled,https://www.csfd.cz/film/3097-dnes-naposled/,1958
269,Hamilton,https://www.csfd.cz/film/847379-hamilton/,2020
270,Fantomas,https://www.csfd.cz/film/32099-fantomas/,1964
271,"Hoří, má panenko",https://www.csfd.cz/film/2975-hori-ma-panenko/,1967
272,Ecce homo Homolka,https://www.csfd.cz/film/7101-ecce-homo-homolka/,1969
273,Let číslo 93,https://www.csfd.cz/film/221284-let-cislo-93/,2006
274,Kristian,https://www.csfd.cz/film/3116-kristian/,1939
275,Životy těch druhých,https://www.csfd.cz/film/222173-zivoty-tech-druhych/,2006
276,Profesionál,https://www.csfd.cz/film/32440-profesional/,1981
277,Gándhí,https://www.csfd.cz/film/350-gandhi/,1982
278,Hrob světlušek,https://www.csfd.cz/film/129496-hrob-svetlusek/,1988
279,Shake Hands with the Devil,https://www.csfd.cz/film/198327-shake-hands-with-the-devil/,2007
280,Zlaté opojení,https://www.csfd.cz/film/1471-zlate-opojeni/,1925
281,Za zvuků hudby,https://www.csfd.cz/film/9833-za-zvuku-hudby/,1965
282,Vrah mezi námi,https://www.csfd.cz/film/5610-vrah-mezi-nami/,1931
283,O patro výš,https://www.csfd.cz/film/25268-o-patro-vys/,1923
284,Interstellar,https://www.csfd.cz/film/227786-interstellar/,2014
285,Amélie z Montmartru,https://www.csfd.cz/film/29221-amelie-z-montmartru/,2001
286,Zmizelá,https://www.csfd.cz/film/346856-zmizela/,2014
287,Poslední samuraj,https://www.csfd.cz/film/43582-posledni-samuraj/,2003
288,Žhavé výstřely 2,https://www.csfd.cz/film/5-zhave-vystrely-2/,1993
289,Ďáblův advokát,https://www.csfd.cz/film/4061-dabluv-advokat/,1997
290,Toy Story 2: Příběh hraček,https://www.csfd.cz/film/18185-toy-story-2-pribeh-hracek/,1999
291,Na Hromnice o den více,https://www.csfd.cz/film/7570-na-hromnice-o-den-vice/,1993
292,Planeta opic,https://www.csfd.cz/film/19977-planeta-opic/,1968
293,Mary a Max,https://www.csfd.cz/film/253387-mary-a-max/,2009
294,"Jestli se rozzlobíme, budeme zlí",https://www.csfd.cz/film/26204-jestli-se-rozzlobime-budeme-zli/,1974
295,The Doors,https://www.csfd.cz/film/8752-the-doors/,1991
296,Baron Prášil,https://www.csfd.cz/film/10099-baron-prasil/,1961
297,Podivné dědictví,https://www.csfd.cz/film/33433-podivne-dedictvi/,1972
298,Asterix a překvapení pro Cézara,https://www.csfd.cz/film/37702-asterix-a-prekvapeni-pro-cezara/,1985
299,Železný obr,https://www.csfd.cz/film/12110-zelezny-obr/,1999
300,Den Šakala,https://www.csfd.cz/film/10147-den-sakala/,1973
301,Naušika z Větrného údolí,https://www.csfd.cz/film/42132-nausika-z-vetrneho-udoli/,1984
302,Kočka na rozpálené plechové střeše,https://www.csfd.cz/film/15032-kocka-na-rozpalene-plechove-strese/,1958
303,Byt,https://www.csfd.cz/film/9772-byt/,1960
304,Volyň,https://www.csfd.cz/film/434921-volyn/,2016
305,Kdysi byli bojovníky,https://www.csfd.cz/film/33202-kdysi-byli-bojovniky/,1994
306,Pohádka o Honzíkovi a Mařence,https://www.csfd.cz/film/10120-pohadka-o-honzikovi-a-marence/,1980
307,Božské děti,https://www.csfd.cz/film/119599-bozske-deti/,1997
308,Andrej Rublev,https://www.csfd.cz/film/32345-andrej-rublev/,1966
309,Harakiri,https://www.csfd.cz/film/141680-harakiri/,1962
310,Světla ramp,https://www.csfd.cz/film/1485-svetla-ramp/,1952
311,"Dobrodružství Robinsona Crusoe, námořníka z Yorku",https://www.csfd.cz/film/158502-dobrodruzstvi-robinsona-crusoe-namornika-z-yorku/,1981
312,Utrpení Panny orleánské,https://www.csfd.cz/film/100287-utrpeni-panny-orleanske/,1928
313,Východ slunce,https://www.csfd.cz/film/6865-vychod-slunce/,1927
314,Nejlepší léta našeho života,https://www.csfd.cz/film/9877-nejlepsi-leta-naseho-zivota/,1946
315,Nebe a peklo,https://www.csfd.cz/film/5440-nebe-a-peklo/,1963
316,Selhání vyloučeno,https://www.csfd.cz/film/6193-selhani-vylouceno/,1964
317,Písečná žena,https://www.csfd.cz/film/124512-pisecna-zena/,1964
318,Dárek do cely č.7,https://www.csfd.cz/film/761221-darek-do-cely-c-7/,2019
319,Velká ryba,https://www.csfd.cz/film/42923-velka-ryba/,2003
320,Čelisti,https://www.csfd.cz/film/8643-celisti/,1975
321,Apollo 13,https://www.csfd.cz/film/4541-apollo-13/,1995
322,21 gramů,https://www.csfd.cz/film/43073-21-gramu/,2003
323,Bláznivá střela,https://www.csfd.cz/film/10197-blazniva-strela/,1988
324,Výměna,https://www.csfd.cz/film/230480-vymena/,2008
325,Nepřítel státu,https://www.csfd.cz/film/8280-nepritel-statu/,1998
326,Pravidla moštárny,https://www.csfd.cz/film/4086-pravidla-mostarny/,1999
327,"„Čtyři vraždy stačí, drahoušku“",https://www.csfd.cz/film/5986-ctyri-vrazdy-staci-drahousku/,1970
328,Billy Elliot,https://www.csfd.cz/film/2231-billy-elliot/,2000
329,Zuřící býk,https://www.csfd.cz/film/8258-zurici-byk/,1980
330,Eva tropí hlouposti,https://www.csfd.cz/film/3103-eva-tropi-hlouposti/,1939
331,Můj soused Totoro,https://www.csfd.cz/film/42137-muj-soused-totoro/,1988
332,Persepolis,https://www.csfd.cz/film/230517-persepolis/,2007
333,Údolí včel,https://www.csfd.cz/film/9353-udoli-vcel/,1967
334,"Jaro, léto, podzim, zima... a jaro",https://www.csfd.cz/film/136117-jaro-leto-podzim-zima-a-jaro/,2003
335,Čekej do tmy,https://www.csfd.cz/film/19222-cekej-do-tmy/,1967
336,Barry Lyndon,https://www.csfd.cz/film/5394-barry-lyndon/,1975
337,Píseň moře,https://www.csfd.cz/film/384100-pisen-more/,2014
338,Hořící Mississippi,https://www.csfd.cz/film/7121-horici-mississippi/,1988
339,Knoflíková válka,https://www.csfd.cz/film/38436-knoflikova-valka/,1962
340,Kabinet doktora Caligariho,https://www.csfd.cz/film/9756-kabinet-doktora-caligariho/,1920
341,Osudy dobrého vojáka Švejka,https://www.csfd.cz/film/43494-osudy-dobreho-vojaka-svejka/,1954
342,Zabíjení,https://www.csfd.cz/film/5403-zabijeni/,1956
343,Fanny a Alexandr,https://www.csfd.cz/film/692-fanny-a-alexandr/,1982
344,Děrsu Uzala,https://www.csfd.cz/film/5420-dersu-uzala/,1975
345,Pohádky tisíce a jedné noci,https://www.csfd.cz/film/10121-pohadky-tisice-a-jedne-noci/,1974
346,Rudovous,https://www.csfd.cz/film/5418-rudovous/,1965
347,Zloději kol,https://www.csfd.cz/film/33701-zlodeji-kol/,1948
348,"Paříž, Texas",https://www.csfd.cz/film/15945-pariz-texas/,1984
349,Phar Lap,https://www.csfd.cz/film/34599-phar-lap/,1983
350,Krátký film o lásce,https://www.csfd.cz/film/43218-kratky-film-o-lasce/,1988
351,Nikdo mě nemá rád,https://www.csfd.cz/film/9092-nikdo-me-nema-rad/,1959
352,Amatér,https://www.csfd.cz/film/31657-amater/,1979
353,Krtek,https://www.csfd.cz/film/350930-krtek/,2011
354,Šumař na střeše,https://www.csfd.cz/film/4801-sumar-na-strese/,1971
355,Faust,https://www.csfd.cz/film/6851-faust/,1926
356,Člověk z mramoru,https://www.csfd.cz/film/35203-clovek-z-mramoru/,1977
357,Střihoruký Edward,https://www.csfd.cz/film/1073-strihoruky-edward/,1990
358,Doba ledová,https://www.csfd.cz/film/19838-doba-ledova/,2002
359,Věčný svit neposkvrněné mysli,https://www.csfd.cz/film/70254-vecny-svit-neposkvrnene-mysli/,2004
360,Postřižiny,https://www.csfd.cz/film/6665-postriziny/,1980
361,Zootropolis: Město zvířat,https://www.csfd.cz/film/407365-zootropolis-mesto-zvirat/,2016
362,Ukradené Vánoce,https://www.csfd.cz/film/29484-ukradene-vanoce/,1993
363,Vlasy,https://www.csfd.cz/film/2974-vlasy/,1979
364,Klepání na nebeskou bránu,https://www.csfd.cz/film/13186-klepani-na-nebeskou-branu/,1997
365,Uvnitř tančím,https://www.csfd.cz/film/188310-uvnitr-tancim/,2004
366,Mise,https://www.csfd.cz/film/4863-mise/,1986
367,V zajetí rychlosti,https://www.csfd.cz/film/205774-v-zajeti-rychlosti/,2005
368,Popelka,https://www.csfd.cz/film/33887-popelka/,1950
369,Chicagský tribunál,https://www.csfd.cz/film/237309-chicagsky-tribunal/,2020
370,Ukradená vzducholoď,https://www.csfd.cz/film/10123-ukradena-vzducholod/,1966
371,Lawrence z Arábie,https://www.csfd.cz/film/5702-lawrence-z-arabie/,1962
372,Harold a Maude,https://www.csfd.cz/film/16019-harold-a-maude/,1971
373,Láska a smrt,https://www.csfd.cz/film/42-laska-a-smrt/,1975
374,Tři barvy: Červená,https://www.csfd.cz/film/31652-tri-barvy-cervena/,1994
375,Moje levá noha,https://www.csfd.cz/film/8345-moje-leva-noha/,1989
376,Pojistka smrti,https://www.csfd.cz/film/9776-pojistka-smrti/,1944
377,Na západní frontě klid,https://www.csfd.cz/film/77143-na-zapadni-fronte-klid/,1930
378,Poklad na Sierra Madre,https://www.csfd.cz/film/4613-poklad-na-sierra-madre/,1948
379,Plynové lampy,https://www.csfd.cz/film/1821-plynove-lampy/,1944
380,The Stoning of Soraya M.,https://www.csfd.cz/film/257166-the-stoning-of-soraya-m/,2008
381,Vzpoura,https://www.csfd.cz/film/25803-vzpoura/,1967
382,Ubožáci,https://www.csfd.cz/film/32578-ubozaci/,1982
383,Donnie Darko,https://www.csfd.cz/film/16367-donnie-darko/,2001
384,Telefonní budka,https://www.csfd.cz/film/8227-telefonni-budka/,2002
385,Rozpuštěný a vypuštěný,https://www.csfd.cz/film/8544-rozpusteny-a-vypusteny/,1984
386,Monty Python a Svatý Grál,https://www.csfd.cz/film/3308-monty-python-a-svaty-gral/,1975
387,Odplata,https://www.csfd.cz/film/12855-odplata/,1999
388,Spáči,https://www.csfd.cz/film/5955-spaci/,1996
389,Hotel Modrá hvězda,https://www.csfd.cz/film/3109-hotel-modra-hvezda/,1941
390,Casablanca,https://www.csfd.cz/film/1912-casablanca/,1942
391,Kráska a zvíře,https://www.csfd.cz/film/18252-kraska-a-zvire/,1991
392,Dr. Divnoláska aneb Jak jsem se naučil nedělat si starosti a mít rád bombu,https://www.csfd.cz/film/5397-dr-divnolaska-aneb-jak-jsem-se-naucil-nedelat-si-starosti-a-mit-rad-bombu/,1964
393,Sedmá pečeť,https://www.csfd.cz/film/723-sedma-pecet/,1957
394,Noc na Zemi,https://www.csfd.cz/film/4747-noc-na-zemi/,1991
395,Upír Nosferatu,https://www.csfd.cz/film/6860-upir-nosferatu/,1922
396,Jak ukrást Venuši,https://www.csfd.cz/film/9910-jak-ukrast-venusi/,1966
397,Prolomit vlny,https://www.csfd.cz/film/9385-prolomit-vlny/,1996
398,Rodinná oslava,https://www.csfd.cz/film/35432-rodinna-oslava/,1998
399,Krvavá neděle,https://www.csfd.cz/film/82635-krvava-nedele/,2002
400,Unaveni sluncem,https://www.csfd.cz/film/33625-unaveni-sluncem/,1994
401,"Hádej, kdo přijde na večeři",https://www.csfd.cz/film/5303-hadej-kdo-prijde-na-veceri/,1967
402,"Batman: Návrat Temného rytíře, část 2.",https://www.csfd.cz/film/319515-batman-navrat-temneho-rytire-cast-2/,2013
403,Městečko South Park: Říše fantazie,https://www.csfd.cz/film/206389-mestecko-south-park-rise-fantazie/,2008
404,Stará puška,https://www.csfd.cz/film/32053-stara-puska/,1975
405,Medená veža,https://www.csfd.cz/film/23839-medena-veza/,1970
406,Yojimbo,https://www.csfd.cz/film/5446-yojimbo/,1961
407,Kimssi pyoryugi,https://www.csfd.cz/film/252875-kimssi-pyoryugi/,2009
408,Průvodce,https://www.csfd.cz/film/253109-pruvodce/,2008
409,Dogani,https://www.csfd.cz/film/312928-dogani/,2011
410,Na Zlatém jezeře,https://www.csfd.cz/film/24225-na-zlatem-jezere/,1981
411,Sanjuro,https://www.csfd.cz/film/5442-sanjuro/,1962
412,Scény z manželského života,https://www.csfd.cz/film/719-sceny-z-manzelskeho-zivota/,1973
413,Cirkus,https://www.csfd.cz/film/1460-cirkus/,1928
414,Ve službách papeže,https://www.csfd.cz/film/19952-ve-sluzbach-papeze/,1965
415,Pan Smith přichází,https://www.csfd.cz/film/1289-pan-smith-prichazi/,1939
416,Ruróni Kenšin: Meidži kenkaku rómantan – Cuioku hen,https://www.csfd.cz/film/133142-ruroni-kensin-meidzi-kenkaku-romantan-cuioku-hen/,1999
417,Poslední štace,https://www.csfd.cz/film/6858-posledni-stace/,1924
418,Mrtvá nevěsta Tima Burtona,https://www.csfd.cz/film/194882-mrtva-nevesta-tima-burtona/,2005
419,Tři veteráni,https://www.csfd.cz/film/6002-tri-veterani/,1983
420,Kapitán Phillips,https://www.csfd.cz/film/307856-kapitan-phillips/,2013
421,Vzpomínky na Afriku,https://www.csfd.cz/film/7376-vzpominky-na-afriku/,1985
422,Vertigo,https://www.csfd.cz/film/4406-vertigo/,1958
423,Legenda o Mulan,https://www.csfd.cz/film/14997-legenda-o-mulan/,1998
424,Serpico,https://www.csfd.cz/film/6220-serpico/,1973
425,Kdo se bojí Virginie Woolfové?,https://www.csfd.cz/film/6984-kdo-se-boji-virginie-woolfove/,1966
426,Nejdelší den,https://www.csfd.cz/film/11541-nejdelsi-den/,1962
427,Welkeom tu Dongmakgol,https://www.csfd.cz/film/220026-welkeom-tu-dongmakgol/,2005
428,Panu učiteli s láskou,https://www.csfd.cz/film/20766-panu-uciteli-s-laskou/,1967
429,Kdo seje vítr,https://www.csfd.cz/film/5304-kdo-seje-vitr/,1960
430,Présumé coupable,https://www.csfd.cz/film/306046-presume-coupable/,2011
431,Byl jsem lynčován,https://www.csfd.cz/film/5600-byl-jsem-lyncovan/,1936
432,Poznamenaní,https://www.csfd.cz/film/10171-poznamenani/,1948
433,Na vlásku,https://www.csfd.cz/film/241059-na-vlasku/,2010
434,Wind River,https://www.csfd.cz/film/434887-wind-river/,2017
435,Tajemství hradu v Karpatech,https://www.csfd.cz/film/6000-tajemstvi-hradu-v-karpatech/,1981
436,Nesmiřitelní,https://www.csfd.cz/film/2515-nesmiritelni/,1992
437,3-iron,https://www.csfd.cz/film/185313-3-iron/,2004
438,Po stopách krve,https://www.csfd.cz/film/8197-po-stopach-krve/,1969
439,Prohnilí,https://www.csfd.cz/film/32030-prohnili/,1984
440,Byl jsem při tom,https://www.csfd.cz/film/21144-byl-jsem-pri-tom/,1979
441,Rašómon,https://www.csfd.cz/film/5434-rasomon/,1950
442,Otec,https://www.csfd.cz/film/811894-otec/,2020
443,Corpus Christi,https://www.csfd.cz/film/718823-corpus-christi/,2019
444,Útěk v řetězech,https://www.csfd.cz/film/5301-utek-v-retezech/,1958
445,Vlčí děti,https://www.csfd.cz/film/308329-vlci-deti/,2012
446,"Quo vadis, Aida?",https://www.csfd.cz/film/904309-quo-vadis-aida/,2020
447,Maurice Richard,https://www.csfd.cz/film/218888-maurice-richard/,2005
448,Někdo tam nahoře mě má rád,https://www.csfd.cz/film/9831-nekdo-tam-nahore-me-ma-rad/,1956
449,Kdo to tam zpívá,https://www.csfd.cz/film/110249-kdo-to-tam-zpiva/,1980
450,Život je úžasný,https://www.csfd.cz/film/350816-zivot-je-uzasny/,2013
451,Prožít si své peklo,https://www.csfd.cz/film/41129-prozit-si-sve-peklo/,1977
452,Vojna a mír III: Rok 1812,https://www.csfd.cz/film/98363-vojna-a-mir-iii-rok-1812/,1967
453,Podivuhodný případ Benjamina Buttona,https://www.csfd.cz/film/221714-podivuhodny-pripad-benjamina-buttona/,2008
454,Pátý element,https://www.csfd.cz/film/771-paty-element/,1997
455,Samotáři,https://www.csfd.cz/film/7064-samotari/,2000
456,Hvězdný prach,https://www.csfd.cz/film/224137-hvezdny-prach/,2007
457,Krvavý diamant,https://www.csfd.cz/film/223266-krvavy-diamant/,2006
458,Jméno růže,https://www.csfd.cz/film/166-jmeno-ruze/,1986
459,Blbec k večeři,https://www.csfd.cz/film/32228-blbec-k-veceri/,1998
460,Čínská čtvrť,https://www.csfd.cz/film/7341-cinska-ctvrt/,1974
461,Ray,https://www.csfd.cz/film/116531-ray/,2004
462,Pouta války,https://www.csfd.cz/film/182330-pouta-valky/,2004
463,Contratiempo,https://www.csfd.cz/film/457067-contratiempo/,2016
464,Smrt si říká Engelchen,https://www.csfd.cz/film/5002-smrt-si-rika-engelchen/,1963
465,Lesní jahody,https://www.csfd.cz/film/726-lesni-jahody/,1957
466,Staré pověsti české,https://www.csfd.cz/film/28460-stare-povesti-ceske/,1952
467,Koe no katači,https://www.csfd.cz/film/442317-koe-no-kataci/,2016
468,Laurel a Hardy,https://www.csfd.cz/film/99455-laurel-a-hardy/,1965
469,Christmas in South Park,https://www.csfd.cz/film/86039-christmas-in-south-park/,2000
470,Eso v rukávu,https://www.csfd.cz/film/9774-eso-v-rukavu/,1951
471,Díra,https://www.csfd.cz/film/90082-dira/,1960
472,Obchod za rohem,https://www.csfd.cz/film/6144-obchod-za-rohem/,1940
473,Huo zhe,https://www.csfd.cz/film/38110-huo-zhe/,1994
474,Vojna a mír,https://www.csfd.cz/film/199245-vojna-a-mir/,1966
475,Pátá pečeť,https://www.csfd.cz/film/110162-pata-pecet/,1976
476,Úžasňákovi,https://www.csfd.cz/film/127213-uzasnakovi/,2004
477,Žhavé výstřely,https://www.csfd.cz/film/4-zhave-vystrely/,1991
478,Fargo,https://www.csfd.cz/film/1606-fargo/,1996
479,Annie Hallová,https://www.csfd.cz/film/26-annie-hallova/,1977
480,Nebožtíci přejí lásce,https://www.csfd.cz/film/9773-neboztici-preji-lasce/,1972
481,Doktor Živago,https://www.csfd.cz/film/5698-doktor-zivago/,1965
482,Vražda na objednávku,https://www.csfd.cz/film/4356-vrazda-na-objednavku/,1954
483,Silnice,https://www.csfd.cz/film/2615-silnice/,1954
484,Mzda strachu,https://www.csfd.cz/film/38791-mzda-strachu/,1953
485,Džúbei a umění nindžucu,https://www.csfd.cz/film/35304-dzubei-a-umeni-nindzucu/,1993
486,Berserk: Ógon džidai hen II – Doldrey kórjaku,https://www.csfd.cz/film/318810-berserk-ogon-dzidai-hen-ii-doldrey-korjaku/,2012
487,Boxer a smrť,https://www.csfd.cz/film/28977-boxer-a-smrt/,1962
488,Zavěste červené lucerny,https://www.csfd.cz/film/38107-zaveste-cervene-lucerny/,1991
489,Kinoautomat: Člověk a jeho dům,https://www.csfd.cz/film/118873-kinoautomat-clovek-a-jeho-dum/,1967
490,Babka,https://www.csfd.cz/film/160543-babka/,2003
491,Barva ráje,https://www.csfd.cz/film/121688-barva-raje/,1999
492,Piráti z Karibiku: Prokletí Černé perly,https://www.csfd.cz/film/43513-pirati-z-karibiku-prokleti-cerne-perly/,2003
493,Star Trek,https://www.csfd.cz/film/222972-star-trek/,2009
494,Mechanický pomeranč,https://www.csfd.cz/film/5395-mechanicky-pomeranc/,1971
495,Tři billboardy kousek za Ebbingem,https://www.csfd.cz/film/439559-tri-billboardy-kousek-za-ebbingem/,2017
496,Kráva,https://www.csfd.cz/film/4953-krava/,1992
497,Jako zabít ptáčka,https://www.csfd.cz/film/12380-jako-zabit-ptacka/,1962
498,Zapomenutí,https://www.csfd.cz/film/1106-zapomenuti/,1950
499,Satanské tango,https://www.csfd.cz/film/143383-satanske-tango/,1994
500,Aurore,https://www.csfd.cz/film/222035-aurore/,2005
501,Divotvůrkyně,https://www.csfd.cz/film/7199-divotvurkyne/,1962
502,Drž hubu!,https://www.csfd.cz/film/117181-drz-hubu/,2003
503,Parazit,https://www.csfd.cz/film/505790-parazit/,2019
504,Zkažená mládež,https://www.csfd.cz/film/232359-zkazena-mladez/,2007
505,Goldfinger,https://www.csfd.cz/film/11538-goldfinger/,1964
506,Bílá nemoc,https://www.csfd.cz/film/4039-bila-nemoc/,1937
507,Sedím na konári a je mi dobre,https://www.csfd.cz/film/4730-sedim-na-konari-a-je-mi-dobre/,1989
508,Control,https://www.csfd.cz/film/229968-control/,2007
509,Jesus Christ Superstar,https://www.csfd.cz/film/4806-jesus-christ-superstar/,1973
510,Metro Manila,https://www.csfd.cz/film/311124-metro-manila/,2013
511,Mother and Child,https://www.csfd.cz/film/253277-mother-and-child/,2009
512,Ghost in the Shell 2.0,https://www.csfd.cz/film/246900-ghost-in-the-shell-2-0/,2008
513,Rvačka mezi muži,https://www.csfd.cz/film/72670-rvacka-mezi-muzi/,1955
514,Chlapec v pruhovaném pyžamu,https://www.csfd.cz/film/234754-chlapec-v-pruhovanem-pyzamu/,2008
515,Walk the Line,https://www.csfd.cz/film/116755-walk-the-line/,2005
516,Hledání Země Nezemě,https://www.csfd.cz/film/116457-hledani-zeme-nezeme/,2004
517,Amores perros - Láska je kurva,https://www.csfd.cz/film/35429-amores-perros-laska-je-kurva/,2000
518,Mrtvý muž,https://www.csfd.cz/film/4742-mrtvy-muz/,1995
519,Thelma a Louise,https://www.csfd.cz/film/8275-thelma-a-louise/,1991
520,"Černá kočka, bílý kocour",https://www.csfd.cz/film/5451-cerna-kocka-bily-kocour/,1998
521,Dokonalý svět,https://www.csfd.cz/film/2509-dokonaly-svet/,1993
522,Vůně ženy,https://www.csfd.cz/film/935-vune-zeny/,1992
523,Růžový panter znovu zasahuje,https://www.csfd.cz/film/2551-ruzovy-panter-znovu-zasahuje/,1976
524,Ghost in the Shell,https://www.csfd.cz/film/34300-ghost-in-the-shell/,1995
525,Vše o mé matce,https://www.csfd.cz/film/85-vse-o-me-matce/,1999
526,Brubaker,https://www.csfd.cz/film/7826-brubaker/,1980
527,Rytíři spravedlnosti,https://www.csfd.cz/film/811926-rytiri-spravedlnosti/,2020
528,Dotek Medúzy,https://www.csfd.cz/film/13566-dotek-meduzy/,1978
529,Doručovací služba čarodějky Kiki,https://www.csfd.cz/film/28675-dorucovaci-sluzba-carodejky-kiki/,1989
530,Adelheid,https://www.csfd.cz/film/9332-adelheid/,1969
531,S láskou Vincent,https://www.csfd.cz/film/428847-s-laskou-vincent/,2017
532,Jeremiah Johnson,https://www.csfd.cz/film/7375-jeremiah-johnson/,1972
533,Návrat,https://www.csfd.cz/film/155545-navrat/,2003
534,Americká noc,https://www.csfd.cz/film/9090-americka-noc/,1973
535,Smrtící bumerang,https://www.csfd.cz/film/12375-smrtici-bumerang/,1996
536,Tři zločinci ve skryté pevnosti,https://www.csfd.cz/film/5429-tri-zlocinci-ve-skryte-pevnosti/,1958
537,Žít,https://www.csfd.cz/film/5427-zit/,1952
538,Kókaku kidótai: Stand Alone Complex - Solid State Society,https://www.csfd.cz/film/225001-kokaku-kidotai-stand-alone-complex-solid-state-society/,2006
539,Vojna a mír IV: Pierre Bezuchov,https://www.csfd.cz/film/89959-vojna-a-mir-iv-pierre-bezuchov/,1967
540,Avengers: Endgame,https://www.csfd.cz/film/393332-avengers-endgame/,2019
541,Logan: Wolverine,https://www.csfd.cz/film/370872-logan-wolverine/,2017
542,Pro hrst dolarů,https://www.csfd.cz/film/5916-pro-hrst-dolaru/,1964
543,Opustit Las Vegas,https://www.csfd.cz/film/2647-opustit-las-vegas/,1995
544,Arrietty ze světa půjčovníčků,https://www.csfd.cz/film/280624-arrietty-ze-sveta-pujcovnicku/,2010
545,Něco z Alenky,https://www.csfd.cz/film/8790-neco-z-alenky/,1988
546,Kaktusový květ,https://www.csfd.cz/film/17342-kaktusovy-kvet/,1969
547,Kabaret,https://www.csfd.cz/film/2989-kabaret/,1972
548,"Raz, dva, tři",https://www.csfd.cz/film/9789-raz-dva-tri/,1961
549,Mastičkář,https://www.csfd.cz/film/136865-mastickar/,1981
550,Příběh dušičkový,https://www.csfd.cz/film/197499-pribeh-dusickovy/,1964
551,Maraton,https://www.csfd.cz/film/198191-maraton/,2005
552,Keurosing,https://www.csfd.cz/film/225810-keurosing/,2008
553,Smrtonosná past 2,https://www.csfd.cz/film/4158-smrtonosna-past-2/,1990
554,Moulin Rouge!,https://www.csfd.cz/film/6175-moulin-rouge/,2001
555,Návrat do Cold Mountain,https://www.csfd.cz/film/32940-navrat-do-cold-mountain/,2003
556,Stalker,https://www.csfd.cz/film/32353-stalker/,1979
557,Přichází Satan!,https://www.csfd.cz/film/2444-prichazi-satan/,1976
558,Černý Petr,https://www.csfd.cz/film/2972-cerny-petr/,1963
559,Petrolejové lampy,https://www.csfd.cz/film/4240-petrolejove-lampy/,1971
560,Jih proti Severu,https://www.csfd.cz/film/2794-jih-proti-severu/,1939
561,Hotel Mumbai,https://www.csfd.cz/film/562202-hotel-mumbai/,2018
562,Hana a její sestry,https://www.csfd.cz/film/38-hana-a-jeji-sestry/,1986
563,Hombre,https://www.csfd.cz/film/7714-hombre/,1967
564,Soumrak dne,https://www.csfd.cz/film/4676-soumrak-dne/,1993
565,Underground,https://www.csfd.cz/film/5459-underground/,1995
566,Persona,https://www.csfd.cz/film/716-persona/,1966
567,Pramen panny,https://www.csfd.cz/film/702-pramen-panny/,1960
568,Pohraniční pásmo,https://www.csfd.cz/film/157547-pohranicni-pasmo/,2000
569,Vozka smrti,https://www.csfd.cz/film/107584-vozka-smrti/,1921
570,Hilary a Jackie,https://www.csfd.cz/film/11948-hilary-a-jackie/,1998
571,Chladnokrevně,https://www.csfd.cz/film/10872-chladnokrevne/,1967
572,The Chemical Brothers: Don’t Think,https://www.csfd.cz/film/312201-the-chemical-brothers-don-t-think/,2011
573,"Sbohem, pane profesore!",https://www.csfd.cz/film/26097-sbohem-pane-profesore/,1969
574,The Big Lebowski,https://www.csfd.cz/film/1604-the-big-lebowski/,1998
575,Ti druzí,https://www.csfd.cz/film/17445-ti-druzi/,2001
576,Hacksaw Ridge: Zrození hrdiny,https://www.csfd.cz/film/411301-hacksaw-ridge-zrozeni-hrdiny/,2016
577,Interstate 60,https://www.csfd.cz/film/12663-interstate-60/,2002
578,Misery nechce zemřít,https://www.csfd.cz/film/7623-misery-nechce-zemrit/,1990
579,Volání divočiny,https://www.csfd.cz/film/70419-volani-divociny/,1966
580,Na východ od ráje,https://www.csfd.cz/film/5076-na-vychod-od-raje/,1955
581,"Zahraj to znovu, Same",https://www.csfd.cz/film/17420-zahraj-to-znovu-same/,1972
582,Cyrano z Bergeracu,https://www.csfd.cz/film/12032-cyrano-z-bergeracu/,1990
583,"Evropa, Evropa",https://www.csfd.cz/film/42028-evropa-evropa/,1990
584,Návrat domů,https://www.csfd.cz/film/16506-navrat-domu/,1978
585,Mefisto,https://www.csfd.cz/film/36422-mefisto/,1981
586,Soumrak,https://www.csfd.cz/film/118348-soumrak/,2002
587,Zvláštní den,https://www.csfd.cz/film/25583-zvlastni-den/,1977
588,Země zaslíbená,https://www.csfd.cz/film/35228-zeme-zaslibena/,1974
589,Pelle Dobyvatel,https://www.csfd.cz/film/21658-pelle-dobyvatel/,1987
590,Král Lear,https://www.csfd.cz/film/143550-kral-lear/,1970
591,Bílé peklo,https://www.csfd.cz/film/104415-bile-peklo/,1929
592,Šíleně smutná princezna,https://www.csfd.cz/film/10096-silene-smutna-princezna/,1968
593,Pokání,https://www.csfd.cz/film/224935-pokani/,2007
594,Magnolia,https://www.csfd.cz/film/159-magnolia/,1999
595,Cena za něžnost,https://www.csfd.cz/film/947-cena-za-neznost/,1983
596,Šaráda,https://www.csfd.cz/film/2407-sarada/,1963
597,Krátký film o zabíjení,https://www.csfd.cz/film/43219-kratky-film-o-zabijeni/,1987
598,Ďáblova past,https://www.csfd.cz/film/9333-dablova-past/,1961
599,Dům k pověšení,https://www.csfd.cz/film/5452-dum-k-poveseni/,1988
600,Slídil,https://www.csfd.cz/film/6400-slidil/,1972
601,Stalag 17,https://www.csfd.cz/film/9795-stalag-17/,1953
602,"Jdi, žij a někým se staň",https://www.csfd.cz/film/170859-jdi-zij-a-nekym-se-stan/,2005
603,K smrti odsouzený uprchl,https://www.csfd.cz/film/35300-k-smrti-odsouzeny-uprchl/,1956
604,Králův dvojník,https://www.csfd.cz/film/325249-kraluv-dvojnik/,2012
605,"Sbohem, má konkubíno",https://www.csfd.cz/film/69673-sbohem-ma-konkubino/,1993
606,Vlk z Wall Street,https://www.csfd.cz/film/287147-vlk-z-wall-street/,2013
607,Základní instinkt,https://www.csfd.cz/film/9288-zakladni-instinkt/,1992
608,Válka Roseových,https://www.csfd.cz/film/2373-valka-roseovych/,1989
609,Vinnetou - Poslední výstřel,https://www.csfd.cz/film/33364-vinnetou-posledni-vystrel/,1965
610,Nejvyšší nabídka,https://www.csfd.cz/film/322601-nejvyssi-nabidka/,2013
611,Lásky jedné plavovlásky,https://www.csfd.cz/film/2980-lasky-jedne-plavovlasky/,1965
612,Magická hlubina,https://www.csfd.cz/film/772-magicka-hlubina/,1988
613,(Ne)obyčejný kluk,https://www.csfd.cz/film/466388-ne-obycejny-kluk/,2017
614,Půlnoční kovboj,https://www.csfd.cz/film/8084-pulnocni-kovboj/,1969
615,Poslední pokušení Krista,https://www.csfd.cz/film/8251-posledni-pokuseni-krista/,1988
616,Vampire Hunter D,https://www.csfd.cz/film/35066-vampire-hunter-d/,2001
617,Krakatit,https://www.csfd.cz/film/9458-krakatit/,1948
618,Nebe nad Berlínem,https://www.csfd.cz/film/32913-nebe-nad-berlinem/,1987
619,Kočár do Vídně,https://www.csfd.cz/film/4952-kocar-do-vidne/,1966
620,Amarcord,https://www.csfd.cz/film/2597-amarcord/,1973
621,Mimo zákon,https://www.csfd.cz/film/4743-mimo-zakon/,1986
622,V žáru noci,https://www.csfd.cz/film/4805-v-zaru-noci/,1967
623,Hrabě Monte Christo,https://www.csfd.cz/film/36671-hrabe-monte-christo/,1954
624,Stalo se jedné noci,https://www.csfd.cz/film/1278-stalo-se-jedne-noci/,1934
625,Vše o Evě,https://www.csfd.cz/film/6384-vse-o-eve/,1950
626,Podzimní sonáta,https://www.csfd.cz/film/701-podzimni-sonata/,1978
627,Bohémský život,https://www.csfd.cz/film/5049-bohemsky-zivot/,1992
628,Svědomí,https://www.csfd.cz/film/5337-svedomi/,1948
629,Papírový měsíc,https://www.csfd.cz/film/844-papirovy-mesic/,1973
630,Pan Verdoux,https://www.csfd.cz/film/1489-pan-verdoux/,1947
631,Werckmeisterovy harmonie,https://www.csfd.cz/film/41568-werckmeisterovy-harmonie/,2000
632,Být či nebýt,https://www.csfd.cz/film/6152-byt-ci-nebyt/,1942
633,Špalíček,https://www.csfd.cz/film/33869-spalicek/,1947
634,Bill Burr: I'm Sorry You Feel That Way,https://www.csfd.cz/film/397663-bill-burr-i-m-sorry-you-feel-that-way/,2014
635,Jak utopit Dr. Mráčka aneb Konec vodníků v Čechách,https://www.csfd.cz/film/9412-jak-utopit-dr-mracka-aneb-konec-vodniku-v-cechach/,1974
636,"Sbohem, baby",https://www.csfd.cz/film/226199-sbohem-baby/,2007
637,"Muži, kteří nenávidí ženy",https://www.csfd.cz/film/247369-muzi-kteri-nenavidi-zeny/,2009
638,Gattaca,https://www.csfd.cz/film/11993-gattaca/,1997
639,Adamova jablka,https://www.csfd.cz/film/221085-adamova-jablka/,2005
640,Kluci nepláčou,https://www.csfd.cz/film/29419-kluci-neplacou/,1999
641,Star Trek VIII: První kontakt,https://www.csfd.cz/film/19251-star-trek-viii-prvni-kontakt/,1996
642,Země nikoho,https://www.csfd.cz/film/37535-zeme-nikoho/,2001
643,Na kometě,https://www.csfd.cz/film/10113-na-komete/,1970
644,Jdi a dívej se,https://www.csfd.cz/film/99087-jdi-a-divej-se/,1985
645,Mistrův syn,https://www.csfd.cz/film/10064-mistruv-syn/,1978
646,Ghost in the Shell 2: Innocence,https://www.csfd.cz/film/91969-ghost-in-the-shell-2-innocence/,2004
647,Život v oblouznění,https://www.csfd.cz/film/11121-zivot-v-oblouzneni/,1995
648,Tisíc dnů s Annou,https://www.csfd.cz/film/21953-tisic-dnu-s-annou/,1969
649,Pokání,https://www.csfd.cz/film/68837-pokani/,1984
650,Maminčin zámek,https://www.csfd.cz/film/38828-mamincin-zamek/,1990
651,Červené střevíčky,https://www.csfd.cz/film/7445-cervene-strevicky/,1948
652,Jim Jefferies Alcoholocaust,https://www.csfd.cz/film/318749-jim-jefferies-alcoholocaust/,2010
653,Císařův slavík,https://www.csfd.cz/film/6332-cisaruv-slavik/,1948
654,La traviata,https://www.csfd.cz/film/34650-la-traviata/,1982
655,Harry Potter a Relikvie smrti - část 2,https://www.csfd.cz/film/239950-harry-potter-a-relikvie-smrti-cast-2/,2011
656,Saw: Hra o přežití,https://www.csfd.cz/film/173957-saw-hra-o-preziti/,2004
657,Indiana Jones a Chrám zkázy,https://www.csfd.cz/film/8642-indiana-jones-a-chram-zkazy/,1984
658,E.T. - Mimozemšťan,https://www.csfd.cz/film/8635-e-t-mimozemstan/,1982
659,Fantomas se zlobí,https://www.csfd.cz/film/32101-fantomas-se-zlobi/,1965
660,Ghost Dog - Cesta samuraje,https://www.csfd.cz/film/4744-ghost-dog-cesta-samuraje/,1999
661,Naprostí cizinci,https://www.csfd.cz/film/425502-naprosti-cizinci/,2016
662,Lovec jelenů,https://www.csfd.cz/film/1595-lovec-jelenu/,1978
663,Volání o pomoc,https://www.csfd.cz/film/224695-volani-o-pomoc/,2007
664,Tři dny Kondora,https://www.csfd.cz/film/7383-tri-dny-kondora/,1975
665,Příběh Alvina Straighta,https://www.csfd.cz/film/6258-pribeh-alvina-straighta/,1999
666,Elitní jednotka 2: Vnitřní nepřítel,https://www.csfd.cz/film/276150-elitni-jednotka-2-vnitrni-nepritel/,2010
667,Roztomilý člověk,https://www.csfd.cz/film/3154-roztomily-clovek/,1941
668,Rozchod Nadera a Simin,https://www.csfd.cz/film/292622-rozchod-nadera-a-simin/,2011
669,V písku - Příslib svobody,https://www.csfd.cz/film/45771-v-pisku-prislib-svobody/,2015
670,Křižník Potěmkin,https://www.csfd.cz/film/32365-kriznik-potemkin/,1925
671,Brendan a tajemství Kellsu,https://www.csfd.cz/film/254459-brendan-a-tajemstvi-kellsu/,2009
672,Porco Rosso,https://www.csfd.cz/film/42133-porco-rosso/,1992
673,Příští rok ve stejnou dobu,https://www.csfd.cz/film/23007-pristi-rok-ve-stejnou-dobu/,1978
674,Chi bi xia: Jue zhan tian xia,https://www.csfd.cz/film/252109-chi-bi-xia-jue-zhan-tian-xia/,2009
675,Pod vlivem lásky,https://www.csfd.cz/film/256074-pod-vlivem-lasky/,2008
676,"Ima, ai ni jukimasu",https://www.csfd.cz/film/206586-ima-ai-ni-jukimasu/,2004
677,Fialkový parfém,https://www.csfd.cz/film/107989-fialkovy-parfem/,2001
678,Bad Black,https://www.csfd.cz/film/458419-bad-black/,2016
679,Chlapci z Pavelské ulice,https://www.csfd.cz/film/172517-chlapci-z-pavelske-ulice/,1969
680,Krotitelé duchů,https://www.csfd.cz/film/10360-krotitele-duchu/,1984
681,Zápisník jedné lásky,https://www.csfd.cz/film/116337-zapisnik-jedne-lasky/,2004
682,Souboj Titánů,https://www.csfd.cz/film/17962-souboj-titanu/,1981
683,Maverick,https://www.csfd.cz/film/2443-maverick/,1994
684,Dogville,https://www.csfd.cz/film/9390-dogville/,2003
685,Vyvolávač deště,https://www.csfd.cz/film/1656-vyvolavac-deste/,1997
686,Piano,https://www.csfd.cz/film/13942-piano/,1993
687,Občan Kane,https://www.csfd.cz/film/9611-obcan-kane/,1941
688,Poslední mohykán,https://www.csfd.cz/film/8509-posledni-mohykan/,1947
689,Provaz,https://www.csfd.cz/film/4390-provaz/,1948
690,Koně se také střílejí,https://www.csfd.cz/film/7381-kone-se-take-strileji/,1969
691,Záře,https://www.csfd.cz/film/4327-zare/,1996
692,Neviditelný muž,https://www.csfd.cz/film/9733-neviditelny-muz/,1933
693,Co se vlastně stalo s Baby Jane?,https://www.csfd.cz/film/27540-co-se-vlastne-stalo-s-baby-jane/,1962
694,Glory,https://www.csfd.cz/film/448369-glory/,2016
695,Sen noci svatojánské,https://www.csfd.cz/film/30934-sen-noci-svatojanske/,1959
696,Dannyho parťáci,https://www.csfd.cz/film/8564-dannyho-partaci/,2001
697,Ospalá díra,https://www.csfd.cz/film/1080-ospala-dira/,1999
698,Marťan,https://www.csfd.cz/film/384557-martan/,2015
699,Kokain,https://www.csfd.cz/film/14321-kokain/,2001
700,Smrtonosná zbraň 3,https://www.csfd.cz/film/2440-smrtonosna-zbran-3/,1992
701,Sully: Zázrak na řece Hudson,https://www.csfd.cz/film/53975-sully-zazrak-na-rece-hudson/,2016
702,Ostře sledované vlaky,https://www.csfd.cz/film/6664-ostre-sledovane-vlaky/,1966
703,Spider-Man: Bez domova,https://www.csfd.cz/film/792852-spider-man-bez-domova/,2021
704,Wallace & Gromit: Prokletí králíkodlaka,https://www.csfd.cz/film/29466-wallace-gromit-prokleti-kralikodlaka/,2005
705,Elitní jednotka,https://www.csfd.cz/film/234959-elitni-jednotka/,2007
706,Monty Pythonův smysl života,https://www.csfd.cz/film/3309-monty-pythonuv-smysl-zivota/,1983
707,Asterix a Kleopatra,https://www.csfd.cz/film/102866-asterix-a-kleopatra/,1968
708,Ye Wen 2,https://www.csfd.cz/film/258006-ye-wen-2/,2010
709,Příliš vzdálený most,https://www.csfd.cz/film/346-prilis-vzdaleny-most/,1977
710,Perný den,https://www.csfd.cz/film/5924-perny-den/,1964
711,Yeopgijeogin geunyeo,https://www.csfd.cz/film/169677-yeopgijeogin-geunyeo/,2001
712,Vražedná pole,https://www.csfd.cz/film/4861-vrazedna-pole/,1984
713,Šťastný Luke - Daisy Town,https://www.csfd.cz/film/102880-stastny-luke-daisy-town/,1971
714,Hosté večeře Páně,https://www.csfd.cz/film/712-hoste-vecere-pane/,1963
715,The Avengers,https://www.csfd.cz/film/241997-the-avengers/,2012
716,Černí baroni,https://www.csfd.cz/film/8462-cerni-baroni/,1992
717,Na nože,https://www.csfd.cz/film/651342-na-noze/,2019
718,Křidýlko nebo stehýnko,https://www.csfd.cz/film/32060-kridylko-nebo-stehynko/,1976
719,Je třeba zabít Sekala,https://www.csfd.cz/film/6681-je-treba-zabit-sekala/,1998
720,Rozum a cit,https://www.csfd.cz/film/5731-rozum-a-cit/,1995
721,Pošetilost mocných,https://www.csfd.cz/film/32102-posetilost-mocnych/,1971
722,Bílá paní,https://www.csfd.cz/film/23435-bila-pani/,1965
723,Francouzská spojka,https://www.csfd.cz/film/3191-francouzska-spojka/,1971
724,Manhattan,https://www.csfd.cz/film/43-manhattan/,1979
725,Tisícročná včela,https://www.csfd.cz/film/4735-tisicrocna-vcela/,1983
726,"O dívce, která proskočila časem",https://www.csfd.cz/film/230842-o-divce-ktera-proskocila-casem/,2006
727,...a spravedlnost pro všechny,https://www.csfd.cz/film/4792-a-spravedlnost-pro-vsechny/,1979
728,Zločiny a poklesky,https://www.csfd.cz/film/32-zlociny-a-poklesky/,1989
729,A teď něco úplně jiného,https://www.csfd.cz/film/3300-a-ted-neco-uplne-jineho/,1971
730,Pěst legendy,https://www.csfd.cz/film/25094-pest-legendy/,1994
731,Kafarnaum,https://www.csfd.cz/film/617446-kafarnaum/,2018
732,Oběť,https://www.csfd.cz/film/32350-obet/,1986
733,Země,https://www.csfd.cz/film/33859-zeme/,1996
734,Zbojník Jurko,https://www.csfd.cz/film/189621-zbojnik-jurko/,1976
735,Zrada a pomsta,https://www.csfd.cz/film/136427-zrada-a-pomsta/,1986
736,Bouřlivá dvacátá léta,https://www.csfd.cz/film/23360-bourliva-dvacata-leta/,1939
737,Avatar,https://www.csfd.cz/film/228329-avatar/,2009
738,Shrek 2,https://www.csfd.cz/film/15000-shrek-2/,2004
739,Milionář z chatrče,https://www.csfd.cz/film/234131-milionar-z-chatrce/,2008
740,Rocky IV,https://www.csfd.cz/film/8662-rocky-iv/,1985
741,Road to Perdition,https://www.csfd.cz/film/6656-road-to-perdition/,2002
742,Bláznivá střela 2 a 1/2: Vůně strachu,https://www.csfd.cz/film/10196-blazniva-strela-2-a-1-2-vune-strachu/,1991
743,Ed Wood,https://www.csfd.cz/film/1072-ed-wood/,1994
744,Traffic - Nadvláda gangů,https://www.csfd.cz/film/8569-traffic-nadvlada-gangu/,2000
745,Aladin,https://www.csfd.cz/film/18248-aladin/,1992
746,Na pokraji slávy,https://www.csfd.cz/film/17622-na-pokraji-slavy/,2000
747,Bosé nohy v parku,https://www.csfd.cz/film/20944-bose-nohy-v-parku/,1967
748,Půlnoční expres,https://www.csfd.cz/film/7120-pulnocni-expres/,1978
749,Slavíci v kleci,https://www.csfd.cz/film/134737-slavici-v-kleci/,2004
750,Hamlet,https://www.csfd.cz/film/909-hamlet/,1996
751,Berserk: Ógon džidai hen III – Kórin,https://www.csfd.cz/film/324116-berserk-ogon-dzidai-hen-iii-korin/,2013
752,Waterloo,https://www.csfd.cz/film/16213-waterloo/,1970
753,Píseň za chudého chlapce,https://www.csfd.cz/film/74087-pisen-za-chudeho-chlapce/,2003
754,Rocco a jeho bratři,https://www.csfd.cz/film/9324-rocco-a-jeho-bratri/,1960
755,Starý dům uprostřed Madridu,https://www.csfd.cz/film/22014-stary-dum-uprostred-madridu/,1976
756,Hanba,https://www.csfd.cz/film/724-hanba/,1968
757,Quackbusters kačera Daffyho,https://www.csfd.cz/film/151349-quackbusters-kacera-daffyho/,1988
758,Kimi no suizó o tabetai,https://www.csfd.cz/film/646778-kimi-no-suizo-o-tabetai/,2018
759,Casino Royale,https://www.csfd.cz/film/208033-casino-royale/,2006
760,Auta,https://www.csfd.cz/film/32954-auta/,2006
761,Toy Story 3: Příběh hraček,https://www.csfd.cz/film/229387-toy-story-3-pribeh-hracek/,2010
762,Dařbuján a Pandrhola,https://www.csfd.cz/film/3095-darbujan-a-pandrhola/,1959
763,Rosemary má děťátko,https://www.csfd.cz/film/7359-rosemary-ma-detatko/,1968
764,Braindead - Živí mrtví,https://www.csfd.cz/film/4708-braindead-zivi-mrtvi/,1992
765,Legenda o slavném návratu,https://www.csfd.cz/film/7599-legenda-o-slavnem-navratu/,2000
766,"Muž, který nebyl",https://www.csfd.cz/film/1609-muz-ktery-nebyl/,2001
767,Veřejný nepřítel č. 1: Epilog,https://www.csfd.cz/film/230097-verejny-nepritel-c-1-epilog/,2008
768,Chaplin,https://www.csfd.cz/film/347-chaplin/,1992
769,Bambi,https://www.csfd.cz/film/70340-bambi/,1942
770,Dumbo,https://www.csfd.cz/film/34122-dumbo/,1941
771,"Ronja, dcera loupežníka",https://www.csfd.cz/film/37754-ronja-dcera-loupeznika/,1984
772,Mňága - Happy End,https://www.csfd.cz/film/10081-mnaga-happy-end/,1996
773,Zkrocení zlé ženy,https://www.csfd.cz/film/23460-zkroceni-zle-zeny/,1967
774,Svatý rok,https://www.csfd.cz/film/36529-svaty-rok/,1976
775,Africká Královna,https://www.csfd.cz/film/4582-africka-kralovna/,1951
776,Horalka,https://www.csfd.cz/film/28254-horalka/,1960
777,Zjizvená tvář,https://www.csfd.cz/film/4205-zjizvena-tvar/,1932
778,Smuteční slavnost,https://www.csfd.cz/film/8468-smutecni-slavnost/,1969
779,Interstella 5555: The 5tory of the 5ecret 5tar 5ystem,https://www.csfd.cz/film/156403-interstella-5555-the-5tory-of-the-5ecret-5tar-5ystem/,2003
780,Rosencrantz a Guildenstern jsou mrtvi,https://www.csfd.cz/film/12271-rosencrantz-a-guildenstern-jsou-mrtvi/,1990
781,Bílý žár,https://www.csfd.cz/film/23531-bily-zar/,1949
782,Suzumija Haruhi no šóšicu,https://www.csfd.cz/film/270926-suzumija-haruhi-no-sosicu/,2010
783,Vlk samotář a mládě 3: Proti vichru smrti,https://www.csfd.cz/film/141108-vlk-samotar-a-mlade-3-proti-vichru-smrti/,1972
784,Srdce je osamělý lovec,https://www.csfd.cz/film/96038-srdce-je-osamely-lovec/,1968
785,Minority Report,https://www.csfd.cz/film/8647-minority-report/,2002
786,X-Men: Budoucí minulost,https://www.csfd.cz/film/317342-x-men-budouci-minulost/,2014
787,Kód Enigmy,https://www.csfd.cz/film/283747-kod-enigmy/,2014
788,"„Pane, vy jste vdova!“",https://www.csfd.cz/film/9423-pane-vy-jste-vdova/,1970
789,Karamazovi,https://www.csfd.cz/film/231191-karamazovi/,2008
790,Legenda o opilém Mistrovi,https://www.csfd.cz/film/11394-legenda-o-opilem-mistrovi/,1994
791,Kam orli nelétají,https://www.csfd.cz/film/12398-kam-orli-neletaji/,1968
792,Der Baader Meinhof Komplex,https://www.csfd.cz/film/246076-der-baader-meinhof-komplex/,2008
793,Kundun,https://www.csfd.cz/film/8250-kundun/,1997
794,Skafandr a motýl,https://www.csfd.cz/film/197198-skafandr-a-motyl/,2007
795,Smoke,https://www.csfd.cz/film/13948-smoke/,1995
796,Tři barvy: Modrá,https://www.csfd.cz/film/31651-tri-barvy-modra/,1993
797,Po svatbě,https://www.csfd.cz/film/224362-po-svatbe/,2006
798,Cizinci ve vlaku,https://www.csfd.cz/film/4399-cizinci-ve-vlaku/,1951
799,Jeřábi táhnou,https://www.csfd.cz/film/104630-jerabi-tahnou/,1957
800,Onibaba,https://www.csfd.cz/film/121232-onibaba/,1964
801,Keulraesik,https://www.csfd.cz/film/177992-keulraesik/,2003
802,"Vidíš měsíc, Danieli",https://www.csfd.cz/film/708724-vidis-mesic-danieli/,2019
803,The Incredible Shrinking Man,https://www.csfd.cz/film/326-the-incredible-shrinking-man/,1957
804,Kes,https://www.csfd.cz/film/36166-kes/,1969
805,Vlk samotář a mládě 2: Řeka smrti,https://www.csfd.cz/film/148650-vlk-samotar-a-mlade-2-reka-smrti/,1972
806,"Já, robot",https://www.csfd.cz/film/91975-ja-robot/,2004
807,Nepřítel před branami,https://www.csfd.cz/film/164-nepritel-pred-branami/,2001
808,Náš vůdce,https://www.csfd.cz/film/239674-nas-vudce/,2008
809,Propast,https://www.csfd.cz/film/1244-propast/,1989
810,Krycí jméno Donnie Brasco,https://www.csfd.cz/film/14513-kryci-jmeno-donnie-brasco/,1997
811,Modrý samet,https://www.csfd.cz/film/6247-modry-samet/,1986
812,The Animatrix,https://www.csfd.cz/film/70635-the-animatrix/,2003
813,Kam se poděla sedmá rota?,https://www.csfd.cz/film/37842-kam-se-podela-sedma-rota/,1973
814,Všichni prezidentovi muži,https://www.csfd.cz/film/7083-vsichni-prezidentovi-muzi/,1976
815,Killer,https://www.csfd.cz/film/9849-killer/,1989
816,Stíny horkého léta,https://www.csfd.cz/film/9351-stiny-horkeho-leta/,1977
817,Skryté ostří,https://www.csfd.cz/film/202456-skryte-ostri/,2004
818,Kačer Daffy: Fantastický ostrov,https://www.csfd.cz/film/97390-kacer-daffy-fantasticky-ostrov/,1983
819,Zakázané hry,https://www.csfd.cz/film/124627-zakazane-hry/,1952
820,Strom na dřeváky,https://www.csfd.cz/film/129224-strom-na-drevaky/,1978
821,X-Men 2,https://www.csfd.cz/film/40326-x-men-2/,2003
822,Zrození Planety opic,https://www.csfd.cz/film/281606-zrozeni-planety-opic/,2011
823,Divoké historky,https://www.csfd.cz/film/373181-divoke-historky/,2014
824,Je to i můj život,https://www.csfd.cz/film/253027-je-to-i-muj-zivot/,2009
825,Spotlight,https://www.csfd.cz/film/388128-spotlight/,2015
826,Obávaný bojovník,https://www.csfd.cz/film/216113-obavany-bojovnik/,2006
827,Všichni moji blízcí,https://www.csfd.cz/film/22975-vsichni-moji-blizci/,1999
828,Méďa Béďa,https://www.csfd.cz/film/69119-meda-beda/,1964
829,Jmenuji se Khan,https://www.csfd.cz/film/248568-jmenuji-se-khan/,2010
830,Berserk: Ógon džidai hen I – Haó no tamago,https://www.csfd.cz/film/299248-berserk-ogon-dzidai-hen-i-hao-no-tamago/,2012
831,Tatínkova sláva,https://www.csfd.cz/film/71440-tatinkova-slava/,1990
832,Balada o bratrech Daltonových,https://www.csfd.cz/film/102868-balada-o-bratrech-daltonovych/,1978
833,Příběh z Tokia,https://www.csfd.cz/film/124940-pribeh-z-tokia/,1953
834,Hamlet,https://www.csfd.cz/film/7030-hamlet/,1948
835,"Frigo, oběť krevní msty",https://www.csfd.cz/film/5122-frigo-obet-krevni-msty/,1923
836,Lidský úděl 5.: Přeskočit smrt,https://www.csfd.cz/film/124881-lidsky-udel-5-preskocit-smrt/,1961
837,Trosečník,https://www.csfd.cz/film/10131-trosecnik/,2000
838,Strážci Galaxie,https://www.csfd.cz/film/320638-strazci-galaxie/,2014
839,District 9,https://www.csfd.cz/film/257869-district-9/,2009
840,S tebou mě baví svět,https://www.csfd.cz/film/7366-s-tebou-me-bavi-svet/,1982
841,Tahle země není pro starý,https://www.csfd.cz/film/226762-tahle-zeme-neni-pro-stary/,2007
842,Klub poslední naděje,https://www.csfd.cz/film/231188-klub-posledni-nadeje/,2013
843,Štěstí na dosah,https://www.csfd.cz/film/221903-stesti-na-dosah/,2006
844,Old Boy,https://www.csfd.cz/film/168893-old-boy/,2003
845,Lost Highway,https://www.csfd.cz/film/6255-lost-highway/,1997
846,Americký zločin,https://www.csfd.cz/film/227630-americky-zlocin/,2007
847,"Anton Špelec, ostrostřelec",https://www.csfd.cz/film/3083-anton-spelec-ostrostrelec/,1932
848,Před úsvitem,https://www.csfd.cz/film/13215-pred-usvitem/,1995
849,Spartakus,https://www.csfd.cz/film/5408-spartakus/,1960
850,Uprchlíci,https://www.csfd.cz/film/12043-uprchlici/,1986
851,Valentin Dobrotivý,https://www.csfd.cz/film/3169-valentin-dobrotivy/,1942
852,Kukačka,https://www.csfd.cz/film/37945-kukacka/,2002
853,Purpurová barva,https://www.csfd.cz/film/8632-purpurova-barva/,1985
854,Tři mušketýři: Královniny přívěsky,https://www.csfd.cz/film/37696-tri-musketyri-kralovniny-privesky/,1961
855,Třetí muž,https://www.csfd.cz/film/11627-treti-muz/,1949
856,Milenci ze severního pólu,https://www.csfd.cz/film/33855-milenci-ze-severniho-polu/,1998
857,Čch' pi,https://www.csfd.cz/film/225675-cch-pi/,2008
858,Divoká planeta,https://www.csfd.cz/film/88180-divoka-planeta/,1973
859,Viridiana,https://www.csfd.cz/film/1114-viridiana/,1961
860,Anděl zkázy,https://www.csfd.cz/film/1116-andel-zkazy/,1962
861,Most,https://www.csfd.cz/film/116090-most/,1959
862,Bitva o Alžír,https://www.csfd.cz/film/124195-bitva-o-alzir/,1966
863,Zázrak v New Yorku,https://www.csfd.cz/film/28477-zazrak-v-new-yorku/,1947
864,Umberto D.,https://www.csfd.cz/film/42985-umberto-d/,1952
865,Vojna a mír II: Nataša Rostovová,https://www.csfd.cz/film/77637-vojna-a-mir-ii-natasa-rostovova/,1966
866,Dědička,https://www.csfd.cz/film/9904-dedicka/,1949
867,Samurai 3,https://www.csfd.cz/film/92250-samurai-3/,1956
868,Ramayana: Legenda o princi Ramovi,https://www.csfd.cz/film/178092-ramayana-legenda-o-princi-ramovi/,1992
869,Jsem uprchlý galejník,https://www.csfd.cz/film/25955-jsem-uprchly-galejnik/,1932
870,Tom a Jerry: Výroční Deluxe edice,https://www.csfd.cz/film/291108-tom-a-jerry-vyrocni-deluxe-edice/,2010
871,Pomáda,https://www.csfd.cz/film/16442-pomada/,1978
872,V zajetí démonů,https://www.csfd.cz/film/298275-v-zajeti-demonu/,2013
873,Pýcha a předsudek,https://www.csfd.cz/film/175274-pycha-a-predsudek/,2005
874,Duna,https://www.csfd.cz/film/236957-duna/,2021
875,Policajt v Beverly Hills,https://www.csfd.cz/film/928-policajt-v-beverly-hills/,1984
876,Mulholland Drive,https://www.csfd.cz/film/6256-mulholland-drive/,2001
877,Taxikář,https://www.csfd.cz/film/8260-taxikar/,1976
878,Tootsie,https://www.csfd.cz/film/7384-tootsie/,1982
879,Život Davida Galea,https://www.csfd.cz/film/7119-zivot-davida-galea/,2003
880,Poslední souboj,https://www.csfd.cz/film/749685-posledni-souboj/,2021
881,Psí odpoledne,https://www.csfd.cz/film/6190-psi-odpoledne/,1975
882,36. komnata Shaolinu,https://www.csfd.cz/film/109157-36-komnata-shaolinu/,1978
883,"Legenda o ""1900""",https://www.csfd.cz/film/8993-legenda-o-1900/,1998
884,Kačeří příběhy: Poklad ze ztracené lampy,https://www.csfd.cz/film/20364-kaceri-pribehy-poklad-ze-ztracene-lampy/,1990
885,"Romeo, Julie a tma",https://www.csfd.cz/film/9596-romeo-julie-a-tma/,1959
886,"Včera, dnes a zítra",https://www.csfd.cz/film/25587-vcera-dnes-a-zitra/,1963
887,"Jánošík I., II.",https://www.csfd.cz/film/84727-janosik-i-ii/,1963
888,Země dinosaurů,https://www.csfd.cz/film/31802-zeme-dinosauru/,1988
889,Krvavý trůn,https://www.csfd.cz/film/5430-krvavy-trun/,1957
890,Na titulní straně,https://www.csfd.cz/film/9782-na-titulni-strane/,1974
891,Grand Prix,https://www.csfd.cz/film/19588-grand-prix/,1966
892,Balada o Narajamě,https://www.csfd.cz/film/113086-balada-o-narajame/,1983
893,Stalo se za bílého dne,https://www.csfd.cz/film/124966-stalo-se-za-bileho-dne/,1958
894,Kókaku kidótai: S.A.C. 2nd GIG - Individual Eleven,https://www.csfd.cz/film/271637-kokaku-kidotai-s-a-c-2nd-gig-individual-eleven/,2006
895,Dny vína a růží,https://www.csfd.cz/film/2536-dny-vina-a-ruzi/,1962
896,Unavená smrt,https://www.csfd.cz/film/5615-unavena-smrt/,1921
897,Dobrodružství Tinyho Toona: Jak jsem prožil prázdniny,https://www.csfd.cz/film/103055-dobrodruzstvi-tinyho-toona-jak-jsem-prozil-prazdniny/,1992
898,Iron Man,https://www.csfd.cz/film/223262-iron-man/,2008
899,X-Men,https://www.csfd.cz/film/8412-x-men/,2000
900,Valkýra,https://www.csfd.cz/film/233151-valkyra/,2008
901,Bezva finta,https://www.csfd.cz/film/21997-bezva-finta/,1985
902,Černá kniha,https://www.csfd.cz/film/222597-cerna-kniha/,2006
903,Vítězové a poražení,https://www.csfd.cz/film/8750-vitezove-a-porazeni/,1999
904,Mluv s ní,https://www.csfd.cz/film/69-mluv-s-ni/,2002
905,Velký bazar,https://www.csfd.cz/film/33280-velky-bazar/,1973
906,Dívka v modrém,https://www.csfd.cz/film/9448-divka-v-modrem/,1939
907,West Side Story,https://www.csfd.cz/film/9843-west-side-story/,1961
908,"4 měsíce, 3 týdny a 2 dny",https://www.csfd.cz/film/231418-4-mesice-3-tydny-a-2-dny/,2007
909,Hard Boiled,https://www.csfd.cz/film/9859-hard-boiled/,1992
910,Balón,https://www.csfd.cz/film/632016-balon/,2018
911,El Dorado,https://www.csfd.cz/film/4184-el-dorado/,1966
912,Ohněm a mečem,https://www.csfd.cz/film/48311-ohnem-a-mecem/,1999
913,Signum laudis,https://www.csfd.cz/film/24842-signum-laudis/,1980
914,Zrůdy,https://www.csfd.cz/film/967-zrudy/,1932
915,Kovboj Bebop: Lovec odměn,https://www.csfd.cz/film/90518-kovboj-bebop-lovec-odmen/,2001
916,Bohem zapomenuté děti,https://www.csfd.cz/film/20052-bohem-zapomenute-deti/,1986
917,Kagemuša,https://www.csfd.cz/film/5428-kagemusa/,1980
918,Lupin sansei: Cagliostro no širo,https://www.csfd.cz/film/42135-lupin-sansei-cagliostro-no-siro/,1979
919,Polnočná omša,https://www.csfd.cz/film/5332-polnocna-omsa/,1962
920,Moje matka,https://www.csfd.cz/film/183188-moje-matka/,2005
921,Velký zlý lišák,https://www.csfd.cz/film/517239-velky-zly-lisak/,2017
922,Thor: Ragnarok,https://www.csfd.cz/film/374525-thor-ragnarok/,2017
923,Prvotní strach,https://www.csfd.cz/film/15095-prvotni-strach/,1996
924,Princ Egyptský,https://www.csfd.cz/film/12546-princ-egyptsky/,1998
925,Před soumrakem,https://www.csfd.cz/film/161609-pred-soumrakem/,2004
926,Marketa Lazarová,https://www.csfd.cz/film/9342-marketa-lazarova/,1967
927,Král rybář,https://www.csfd.cz/film/3304-kral-rybar/,1991
928,Mravnost nade vše,https://www.csfd.cz/film/3126-mravnost-nade-vse/,1937
929,Sledování,https://www.csfd.cz/film/6993-sledovani/,1998
930,Vrah skrývá tvář,https://www.csfd.cz/film/8208-vrah-skryva-tvar/,1966
931,Ten kluk,https://www.csfd.cz/film/242690-ten-kluk/,2007
932,Není král jako král,https://www.csfd.cz/film/19643-neni-kral-jako-kral/,2000
933,Volavka,https://www.csfd.cz/film/96212-volavka/,2002
934,All That Jazz,https://www.csfd.cz/film/2988-all-that-jazz/,1979
935,Správná posádka,https://www.csfd.cz/film/5024-spravna-posadka/,1983
936,Kikudžiro,https://www.csfd.cz/film/33845-kikudziro/,1999
937,Cesta domů,https://www.csfd.cz/film/29609-cesta-domu/,1999
938,Příběh Marie,https://www.csfd.cz/film/389158-pribeh-marie/,2014
939,Hezké vesnice hezky hoří,https://www.csfd.cz/film/132090-hezke-vesnice-hezky-hori/,1996
940,Welcome,https://www.csfd.cz/film/254694-welcome/,2009
941,Před deštěm,https://www.csfd.cz/film/70967-pred-destem/,1994
942,Ali G: Bling Bling,https://www.csfd.cz/film/189769-ali-g-bling-bling/,2001
943,Ostrov,https://www.csfd.cz/film/121210-ostrov/,1960
944,Nikdo to neví,https://www.csfd.cz/film/194924-nikdo-to-nevi/,2004
945,Pozdní jaro,https://www.csfd.cz/film/124850-pozdni-jaro/,1949
946,Hamlet,https://www.csfd.cz/film/89949-hamlet/,1964
947,Kingsman: Tajná služba,https://www.csfd.cz/film/342878-kingsman-tajna-sluzba/,2014
948,Osm hrozných,https://www.csfd.cz/film/362228-osm-hroznych/,2015
949,Dívka na koštěti,https://www.csfd.cz/film/9409-divka-na-kosteti/,1971
950,Total Recall,https://www.csfd.cz/film/9303-total-recall/,1990
951,Pyšná princezna,https://www.csfd.cz/film/10094-pysna-princezna/,1952
952,Charlieho malá tajemství,https://www.csfd.cz/film/290618-charlieho-mala-tajemstvi/,2012
953,Kontakt,https://www.csfd.cz/film/10132-kontakt/,1997
954,Velká šestka,https://www.csfd.cz/film/346603-velka-sestka/,2014
955,Hodiny,https://www.csfd.cz/film/2234-hodiny/,2002
956,Vymítač ďábla,https://www.csfd.cz/film/3190-vymitac-dabla/,1973
957,Lovci hlav,https://www.csfd.cz/film/294372-lovci-hlav/,2011
958,Saturnin,https://www.csfd.cz/film/9287-saturnin/,1994
959,Záměna,https://www.csfd.cz/film/5590-zamena/,1983
960,Hrdina,https://www.csfd.cz/film/38117-hrdina/,2002
961,Legendy z Dogtownu,https://www.csfd.cz/film/116453-legendy-z-dogtownu/,2005
962,Room,https://www.csfd.cz/film/402166-room/,2015
963,Duše,https://www.csfd.cz/film/737568-duse/,2020
964,Straight Outta Compton,https://www.csfd.cz/film/373150-straight-outta-compton/,2015
965,Oddělen,https://www.csfd.cz/film/282520-oddelen/,2011
966,Trio z Belleville,https://www.csfd.cz/film/137002-trio-z-belleville/,2003
967,Akira,https://www.csfd.cz/film/83541-akira/,1988
968,Hlas moře,https://www.csfd.cz/film/133874-hlas-more/,2004
969,Golfový sen,https://www.csfd.cz/film/189555-golfovy-sen/,2005
970,Seber prachy a zmiz,https://www.csfd.cz/film/58-seber-prachy-a-zmiz/,1969
971,Požáry,https://www.csfd.cz/film/284780-pozary/,2010
972,Pevnost Apačů v Bronxu,https://www.csfd.cz/film/15033-pevnost-apacu-v-bronxu/,1981
973,Hra na pláč,https://www.csfd.cz/film/4878-hra-na-plac/,1992
974,Evropa,https://www.csfd.cz/film/9392-evropa/,1991
975,Dealer 3,https://www.csfd.cz/film/227553-dealer-3/,2005
976,V přístavu,https://www.csfd.cz/film/5082-v-pristavu/,1954
977,Ztracený víkend,https://www.csfd.cz/film/9785-ztraceny-vikend/,1945
978,Můj bratr Tom,https://www.csfd.cz/film/30657-muj-bratr-tom/,2001
979,Kavkazský zajatec,https://www.csfd.cz/film/37667-kavkazsky-zajatec/,1996
980,Karlík a továrna na čokoládu,https://www.csfd.cz/film/135983-karlik-a-tovarna-na-cokoladu/,2005
981,Vzhůru do oblak,https://www.csfd.cz/film/236791-vzhuru-do-oblak/,2009
982,Muž na Měsíci,https://www.csfd.cz/film/2981-muz-na-mesici/,1999
983,Lid versus Larry Flynt,https://www.csfd.cz/film/2983-lid-versus-larry-flynt/,1996
984,Raubíř Ralf,https://www.csfd.cz/film/300893-raubir-ralf/,2012
985,"Má mě rád, nemá mě rád",https://www.csfd.cz/film/260219-ma-me-rad-nema-me-rad/,2010
986,Snídaně u Tiffanyho,https://www.csfd.cz/film/2531-snidane-u-tiffanyho/,1961
987,Odpojit,https://www.csfd.cz/film/303454-odpojit/,2012
988,Chlast,https://www.csfd.cz/film/734768-chlast/,2020
989,Sudá a lichá,https://www.csfd.cz/film/33453-suda-a-licha/,1978
990,Nebezpečné známosti,https://www.csfd.cz/film/3052-nebezpecne-znamosti/,1988
991,Hrdinové ohně,https://www.csfd.cz/film/453194-hrdinove-ohne/,2017
992,Tucet špinavců,https://www.csfd.cz/film/18770-tucet-spinavcu/,1967
993,Hořký měsíc,https://www.csfd.cz/film/7340-horky-mesic/,1992
994,Sabrina,https://www.csfd.cz/film/9791-sabrina/,1954
995,Zrcadlo,https://www.csfd.cz/film/32356-zrcadlo/,1975
996,Perfect Blue,https://www.csfd.cz/film/133448-perfect-blue/,1997
997,Fitzcarraldo,https://www.csfd.cz/film/4270-fitzcarraldo/,1982
998,Himaláj - Karavana,https://www.csfd.cz/film/38059-himalaj-karavana/,1999
999,Swing Kids,https://www.csfd.cz/film/18414-swing-kids/,1993
1000,Potopa,https://www.csfd.cz/film/48316-potopa/,1974
